transaction,category
BANK MONTHLY MAINTENANCE FEE,Bills
APPLE.COM/BILL 3322,Bills
*ORDER # ACT BROADBAND,Bills
BESCOM ELECTRICITY#88324,Bills
TATA PLAY DTH,Bills
PAYMENT JIO RECHARGE TXN ID,Bills
ACT BROADBAND,Bills
99.00 Rs JIO RECHARGE 1299.00 INR,Bills
BESCOM ELECTRICITY @OKICICI,Bills
ACT BROADBAND,Bills
BSNL PAYMENT UPI,Bills
AIRTEL POSTPAID UPI@YBL,Bills
99.00 Rs AIRTEL POSTPAID PAYMENT,Bills
BSNL PAYMENT 450.00,Bills
EB Bill Payment - BESCOM A/C 9876543210,Bills
House Tax Payment,Bills
Phone Bill Jio,Bills
Internet Service Charge,Bills
Electricity Bill Due,Bills
- MUMBAI AIRTEL POSTPAID @OKICICI,Bills
450.00 ACT BROADBAND,Bills
BSNL PAYMENT,Bills
ACT BROADBAND TXN ID,Bills
@OKICICI  AIRTEL POSTPAID PAYMENT,Bills
UPI@YBL AIRTEL POSTPAID,Bills
BESCOM ELECTRICITY *ONLINE,Bills
ACT BROADBAND 1299.00 INR,Bills
REF  BESCOM ELECTRICITY UPI,Bills
JIO RECHARGE 1299.00 INR,Bills
BESCOM ELECTRICITY - BLR,Bills
ACT BROADBAND,Bills
BESCOM ELECTRICITY 99.00 Rs,Bills
BESCOM ELECTRICITY @OKICICI,Bills
@OKICICI  BESCOM ELECTRICITY#88324,Bills
PAYMENT BSNL PAYMENT UPI,Bills
ACT BROADBAND,Bills
PAYMENT AIRTEL POSTPAID,Bills
UPI  AIRTEL POSTPAID*ORDER #,Bills
PAYMENT TATA PLAY DTH @OKICICI,Bills
JIO RECHARGE,Bills
- MUMBAI ACT BROADBAND 450.00,Bills
1299.00 INR BSNL PAYMENT - BLR,Bills
- MUMBAI AIRTEL POSTPAID REF,Bills
AIRTEL POSTPAID*ORDER #,Bills
- MUMBAI JIO RECHARGE,Bills
TATA PLAY DTH,Bills
*ONLINE BSNL PAYMENT UPI,Bills
AIRTEL POSTPAID - BLR,Bills
BSNL PAYMENT,Bills
EB Bill Payment - BESCOM A/C 9876543210,Bills
MobiKwik payment for TATA SKY DTH,Bills
EMI DEBIT HDFC Loan Acc #L4593845,Bills
BSNL Landline Bill Payment,Bills
Vodafone Postpaid Bill - Oct 2025,Bills
Airtel Broadband Monthly Fee,Bills
Prepaid Mobile Recharge Jio #9876543210,Bills
Electricity bill payment MSEB Nov 2025,Bills
Housie Rent Payment Oct via NEFT,Bills
Water Supply Bill BMC Payment Ref: 8765,Bills
CREDIT CARD PAYMENT HDFC BANK,Bills
Gail Gas Bill Payment,Bills
Municipal Tax Payment Online,Bills
Natural Gas Bill Payment Adani Gas,Bills
Internet Bill ACT Fibernet Monthly,Bills
LIC Premium Payment - Policy 12345,Bills
Bank Overdraft Interest Charge,Bills
Loan Repayment E-Mandate,Bills
Mobile Recharge BSNL 199 Plan,Bills
DTH Subscription DISH TV,Bills
Electricity Deposit Refund,Bills
School Fee Payment Term 2,Bills
Health Insurance Premium,Bills
Airtel Postpaid Bill,Bills
BSES Yamuna Power Bill,Bills
Water Bill Payment,Bills
Gas Pipeline Bill,Bills
Maintenance Fee Apartment,Bills
Taco Bell,Dining
Nobu,Dining
Morton's,Dining
Taco Bell,Dining
Capital Grille,Dining
Capital Grille,Dining
Wendy's,Dining
TGI Fridays,Dining
TGI Fridays,Dining
Burger King,Dining
Red Lobster,Dining
Morton's,Dining
Burger King,Dining
KFC,Dining
Applebee's,Dining
Morton's,Dining
TGI Fridays,Dining
McDonald's,Dining
Capital Grille,Dining
Olive Garden,Dining
KFC,Dining
Chili's,Dining
Wendy's,Dining
Ruth's Chris,Dining
Taco Bell,Dining
Ruth's Chris,Dining
Nobu,Dining
Nobu,Dining
McDonald's,Dining
Nobu,Dining
Red Lobster,Dining
Olive Garden,Dining
Burger King,Dining
TGI Fridays,Dining
Ruth's Chris,Dining
TGI Fridays,Dining
Olive Garden,Dining
KFC,Dining
Taco Bell,Dining
Burger King,Dining
KFC,Dining
Capital Grille,Dining
#88324 DOMINOS PIZZA,Dining
*ONLINE KFC ONLINE - BLR,Dining
1299.00 INR ZOMATO ORDER PAYMENT,Dining
KFC ONLINE REF,Dining
STARBUCKS COFFEE,Dining
UPI Pmt to Zomato Order #847293 @875389XXX4,Dining
"Payment for bill at ""The Coffee Bean & Tea Leaf"" Store 45",Dining
Debit Card TXN at PIZZA HUT DLF Phase 3 Ref:982374,Dining
Zomato Delivery Fee 10-Oct Ref:ZOM875,Dining
McDonald's POS purchase Txn ID: 782947,Dining
Cafe Coffee Day Vouchers 500.00,Dining
Restaurant Bill Pay Gpay *9872,Dining
Dineout payment at The Yellow Chili ref 98327,Dining
CREDIT CARD TXN - Barbeque Nation PUNE,Dining
Debit POS 12/11/25 SUBWAY STORE 201,Dining
UPI to @paytm.merch.123 for dinner,Dining
Swiggy Food Order: Biryani & Coke,Dining
KFC A la carte order 2-Nov-25,Dining
POS Swipe at local Juice Center,Dining
Debit Card POS: Keventers Milkshake,Dining
UPI ID: @pizzamart for Lunch Order #675,Dining
Starbucks Coffee purchase via Paytm,Dining
Txn 18/11/25 Tandoor Express Ref 34983,Dining
Payment at Aaswad Restaurant Mumbai,Dining
Domino's Pizza order via website 12:30pm,Dining
Starbucks Vouchers,Dining
McCafe Coffee & Snacks,Dining
Restaurant Tip UPI,Dining
Pizza Hut Order,Dining
Steam,Entertainment
StubHub,Entertainment
Netflix,Entertainment
Xbox Live,Entertainment
Disney+,Entertainment
PlayStation Store,Entertainment
Regal Cinemas,Entertainment
Netflix,Entertainment
Epic Games,Entertainment
Nintendo eShop,Entertainment
Netflix,Entertainment
Epic Games,Entertainment
PlayStation Store,Entertainment
- MUMBAI SPOTIFY PREMIUM,Entertainment
BOOKMYSHOW MOVIE @OKICICI,Entertainment
PAYMENT HOTSTAR PLAN,Entertainment
REF  BOOKMYSHOW MOVIE*ORDER #,Entertainment
*ORDER # HOTSTAR PLAN,Entertainment
#88324 GAANA PREMIUM*ORDER #,Entertainment
NETFLIX SUBSCRIPTION,Entertainment
99.00 Rs SPOTIFY PREMIUM,Entertainment
BOOKMYSHOW MOVIE 1299.00 INR,Entertainment
TXN ID  SPOTIFY PREMIUM*ORDER #,Entertainment
#88324 NETFLIX SUBSCRIPTION REF,Entertainment
BOOKMYSHOW MOVIE 99.00 Rs,Entertainment
HOTSTAR PLAN#88324,Entertainment
BOOKMYSHOW MOVIE#88324,Entertainment
UPI  NETFLIX SUBSCRIPTION*ORDER #,Entertainment
NETFLIX SUBSCRIPTION REF,Entertainment
- MUMBAI BOOKMYSHOW MOVIE UPI@YBL,Entertainment
NETFLIX Monthly Subscription Fee Oct 2025,Entertainment
BookMyShow Ticket Booking Ref: BM20250111,Entertainment
PVR Cinemas Food & Beverage payment via GPay,Entertainment
Spotify Premium Subscription Payment,Entertainment
Cinepolis Ticket Purchase via Credit Card,Entertainment
Amazon Prime Video Rental - Movie Title,Entertainment
Hotstar VIP Subscription Renewal,Entertainment
AMC Theaters,Entertainment
PlayStation Store,Entertainment
HBO Max,Entertainment
Epic Games,Entertainment
Netflix,Entertainment
AMC Theaters,Entertainment
Ticketmaster,Entertainment
Nintendo eShop,Entertainment
Hulu,Entertainment
Netflix,Entertainment
Epic Games,Entertainment
Spotify,Entertainment
Apple Music,Entertainment
Disney+,Entertainment
HBO Max,Entertainment
Nintendo eShop,Entertainment
Amazon Prime,Entertainment
AMC Theaters,Entertainment
Steam,Entertainment
StubHub,Entertainment
Ticketmaster Concert Ticket Purchase,Entertainment
Game Purchase PSN Store Ref 1098374,Entertainment
Laser Tag Activity Fee,Entertainment
Bowling Alley Fees via Debit Card,Entertainment
Zee5 Subscription Charge,Entertainment
Inox Multiplex ticket purchase,Entertainment
Hotstar Cricket Match Viewing Fee,Entertainment
Gaming Credit Purchase Steam Wallet,Entertainment
Event Ticket Booking Insider.in,Entertainment
Museum Entry Fee Payment,Entertainment
Netflix Gift Card Redemption,Entertainment
Zoo Ticket Purchase for Family,Entertainment
Movie Snacks Purchase,Entertainment
Stand-up Comedy Show Ticket,Entertainment
PVR Gold Class Ticket,Entertainment
Prime Video Subscription,Entertainment
YouTube Premium Fee,Entertainment
Bookmyshow Movie Ticket,Entertainment
Concert Ticket AXS,Entertainment
INDIANOIL PUMP - BLR,Fuel
RELIANCE FUEL#88324,Fuel
SHELL GAS STATION TXN ID,Fuel
HPCL PETROL PUMP UPI@YBL,Fuel
450.00 HPCL PETROL PUMP UPI,Fuel
#88324 HPCL PETROL PUMP UPI,Fuel
REF  SHELL GAS STATION - BLR,Fuel
INDIANOIL PUMP,Fuel
SHELL GAS STATION,Fuel
@OKICICI  SHELL GAS STATION *ONLINE,Fuel
99.00 Rs SHELL GAS STATION*ORDER #,Fuel
@OKICICI  RELIANCE FUEL*ORDER #,Fuel
Fuel Surcharge Waived IOCL Pump B'lore,Fuel
HPCL Petrol Station payment Rs. 1500.00 Ref 7462,Fuel
Txn at SHELL PETROL PUMP Vashi Mumbai 10:45:00,Fuel
BPCL Refuel UPI,Fuel
IOCL Fuel Additive,Fuel
Shell Fuel Loyalty Pts,Fuel
SHELL GAS STATION,Fuel
UPI@YBL HPCL PETROL PUMP,Fuel
UPI  INDIANOIL PUMP *ONLINE,Fuel
ESSAR PETRO*ORDER #,Fuel
450.00 BPCL FUEL*ORDER #,Fuel
RELIANCE FUEL,Fuel
*ORDER # HPCL PETROL PUMP @OKICICI,Fuel
RELIANCE FUEL#88324,Fuel
- MUMBAI RELIANCE FUEL,Fuel
HPCL PETROL PUMP *ONLINE,Fuel
@OKICICI  HPCL PETROL PUMP UPI,Fuel
BPCL FUEL - MUMBAI,Fuel
450.00 RELIANCE FUEL TXN ID,Fuel
RELIANCE FUEL - MUMBAI,Fuel
SHELL GAS STATION UPI@YBL,Fuel
- BLR HPCL PETROL PUMP,Fuel
REF  RELIANCE FUEL - BLR,Fuel
INDIANOIL PUMP*ORDER #,Fuel
99.00 Rs INDIANOIL PUMP REF,Fuel
UPI  INDIANOIL PUMP 450.00,Fuel
HPCL PETROL PUMP UPI@YBL,Fuel
- MUMBAI BPCL FUEL 99.00 Rs,Fuel
- MUMBAI INDIANOIL PUMP - MUMBAI,Fuel
- MUMBAI SHELL GAS STATION - BLR,Fuel
UPI@YBL BPCL FUEL - MUMBAI,Fuel
#88324 BPCL FUEL 1299.00 INR,Fuel
INDIANOIL PUMP - MUMBAI,Fuel
99.00 Rs ESSAR PETRO - MUMBAI,Fuel
Fuel Surcharge Waived IOCL Pump B'lore,Fuel
HPCL Petrol Station payment Rs. 1500.00 Ref 7462,Fuel
Txn at SHELL PETROL PUMP Vashi Mumbai 10:45:00,Fuel
Paytm Wallet Add: HP Petroleum,Fuel
Bharat Petroleum Payment Ref 554433,Fuel
IOCL PETROL PUMP payment via QR Code,Fuel
BPCL filling station 20 Litres Txn Ref: 445566,Fuel
Diesel top-up Indian Oil Tanker 786,Fuel
Cash Deposit at ATM HPCL Outpost,Fuel
Card Swipe at Essar Petrol Pump GGN,Fuel
FASTag Recharge via ICICI App Txn 998877,Fuel
Fuel purchase at JIO-BP Pump,Fuel
Cash Withdrawal IOCL Petrol Station,Fuel
Service Charge at Indian Oil Pump,Fuel
HPCL Payment 45.5 Litres Ref 112233,Fuel
Petrol Pump UPI payment @petro.merch,Fuel
Speed Car Wash & Fuel Combo Txn,Fuel
Toll Fee Payment - Delhi-Jaipur Highway,Fuel
Petrol Refuel 1000.00 Ref ID 9988,Fuel
Diesel Purchase via Card,Fuel
IOCL Fuel Payment 2000 INR,Fuel
BPCL Fuel Card Topup,Fuel
Toll Gate Payment,Fuel
HPCL Petrol Station,Fuel
Indian Oil Fuel,Fuel
Whole Foods,Groceries
Instacart,Groceries
FreshDirect,Groceries
Walmart Grocery,Groceries
Trader Joe's,Groceries
FreshDirect,Groceries
FreshDirect,Groceries
Instacart,Groceries
FreshDirect,Groceries
TXN ID  NATURES BASKET,Groceries
#88324 SPENCERS RETAIL,Groceries
TXN ID  DMART PAYMENT @OKICICI,Groceries
NATURES BASKET,Groceries
*ORDER # FRESHTOHOME *ONLINE,Groceries
#88324 BIGBASKET ORDER 450.00,Groceries
FRESHTOHOME UPI@YBL,Groceries
UPI  JIOMART PURCHASE,Groceries
UPI@YBL SPENCERS RETAIL,Groceries
PAYMENT DMART PAYMENT UPI,Groceries
NATURES BASKET - BLR,Groceries
- BLR JIOMART PURCHASE 99.00 Rs,Groceries
450.00 FRESHTOHOME,Groceries
UPI@YBL FRESHTOHOME PAYMENT,Groceries
BIGBASKET ORDER 1299.00 INR,Groceries
- BLR BIGBASKET ORDER,Groceries
UPI  SPENCERS RETAIL,Groceries
FRESHTOHOME 450.00,Groceries
FRESHTOHOME 450.00,Groceries
BIGBASKET ORDER 450.00,Groceries
PAYMENT JIOMART PURCHASE - BLR,Groceries
FRESHTOHOME UPI@YBL,Groceries
*ONLINE NATURES BASKET *ONLINE,Groceries
*ONLINE FRESHTOHOME 450.00,Groceries
JIOMART PURCHASE#88324,Groceries
NATURES BASKET TXN ID,Groceries
JIOMART PURCHASE - MUMBAI,Groceries
DMART PAYMENT 1299.00 INR,Groceries
- MUMBAI JIOMART PURCHASE @OKICICI,Groceries
SWIGGY Instamart GrOCERY delivery #IN12345,Groceries
POS Purchase 15-Oct-25 M/S RELIANCE FRESH,Groceries
ATM Wdl Chgs 15-Nov-25 at STAR BAZAR A/C #00123,Groceries
Grocery Mart Supermarket 4567 txn-3928,Groceries
Payment to BigBasket Order BB12987,Groceries
Payment for groceries at DMart Store #15,Groceries
Card swipe at Big Bazaar for household goods,Groceries
Grofers Order ID #GRF65432-1 txn ID 87654,Groceries
Fresh vegetables purchase from local vendor UPI,Groceries
Wholesale purchase at METRO CASH & CARRY,Groceries
Txn for milk/bread at Mother Dairy Booth 10:00,Groceries
UPI payment to local Kirana Store Groceries,Groceries
Sabzi Mandi payment for veggies,Groceries
HyperCity purchase of toiletries,Groceries
Local Bakery Purchase - Sweets & Bread,Groceries
Farmers Market Purchase UPI Txn ID 19876,Groceries
Godrej Nature's Basket Invoice 567-G,Groceries
Canned Goods Purchase from Grocer,Groceries
Amazon Pantry Order #401-2345678,Groceries
Subscription Box Fee - Organic Veggies,Groceries
BigBasket delivery charge & payment,Groceries
Meat Purchase from Butcher Shop,Groceries
Online purchase of Detergent & Soap,Groceries
Milk Subscription Payment,Groceries
Tesco Supermarket Groceries,Groceries
BigBasket Milk & Eggs Order,Groceries
Local Vegetable Vendor,Groceries
Groceries at Reliance Smart,Groceries
Organic Food Store,Groceries
Fresh Produce Market,Groceries
BOL.COM ONLINE ORDER 7493,Shopping
Barnes & Noble Bookstore,Shopping
Amazon.com Order #112-998,Shopping
AMAZON MKTPLACE PMTS 1234,Shopping
MediaMarkt Electronics,Shopping
TARGET 1234,Shopping
AMAZON MKTPLACE PMT 10/03,Shopping
NORDSTROM ONLINE SHOP,Shopping
AppleCare Service Fee,Shopping
AMAZON EU SARL 2023,Shopping
MediaMarkt Electronics,Shopping
Best Buy Electronics,Shopping
Amazon Online Shopping,Shopping
Amazon.com Electronics,Shopping
Target In-Store Shopping,Shopping
NYKAA PAYMENT 450.00,Shopping
FLIPKART ORDER,Shopping
FLIPKART ORDER *ONLINE,Shopping
AJIO PURCHASE,Shopping
CROMA STORE#88324,Shopping
- MUMBAI NYKAA PAYMENT 450.00,Shopping
UPI@YBL CROMA STORE,Shopping
TXN ID  AJIO PURCHASE UPI,Shopping
UPI  MYNTRA ONLINE,Shopping
FLIPKART ORDER TXN ID,Shopping
- MUMBAI CROMA STORE,Shopping
FLIPKART ORDER,Shopping
AMZN Order 402-9843210-983472 for Electronics,Shopping
DEBIT CARD PURCHASE 01/11/25 PAYTM MALL,Shopping
"Online txn to ""Shoppers Stop"" Invoice 45A-2025",Shopping
Myntra Fashion Haul,Shopping
Clothes from Max Fashion,Shopping
Book Store Purchase,Shopping
Amazon Kindle Books,Shopping
- BLR CROMA STORE*ORDER #,Shopping
MYNTRA ONLINE,Shopping
AMAZON PAY UPI,Shopping
*ONLINE MYNTRA ONLINE - MUMBAI,Shopping
UPI  MYNTRA ONLINE 99.00 Rs,Shopping
FLIPKART ORDER 450.00,Shopping
CROMA STORE,Shopping
FLIPKART ORDER - MUMBAI,Shopping
AMAZON PAY,Shopping
#88324 NYKAA PAYMENT PAYMENT,Shopping
NYKAA PAYMENT,Shopping
*ONLINE AJIO PURCHASE,Shopping
AJIO PURCHASE - MUMBAI,Shopping
AMAZON PAY 450.00,Shopping
AMAZON PAY REF,Shopping
NYKAA PAYMENT,Shopping
99.00 Rs NYKAA PAYMENT#88324,Shopping
AJIO PURCHASE UPI@YBL,Shopping
- BLR FLIPKART ORDER 450.00,Shopping
FLIPKART ORDER PAYMENT,Shopping
*ORDER # NYKAA PAYMENT - MUMBAI,Shopping
- BLR NYKAA PAYMENT,Shopping
@OKICICI  FLIPKART ORDER - BLR,Shopping
AMAZON PAY,Shopping
CROMA STORE,Shopping
AJIO PURCHASE,Shopping
TXN ID  NYKAA PAYMENT,Shopping
MYNTRA ONLINE PAYMENT,Shopping
TXN ID  MYNTRA ONLINE PAYMENT,Shopping
AMZN Order 402-9843210-983472 for Electronics,Shopping
DEBIT CARD PURCHASE 01/11/25 PAYTM MALL,Shopping
"Online txn to ""Shoppers Stop"" Invoice 45A-2025",Shopping
Amazon Prime Renewal Fee,Shopping
Myntra E-commerce Order 789012,Shopping
Shoppers Stop Online Order 100983-A,Shopping
E-book Purchase Google Books,Shopping
HM Store Purchase Gpay,Shopping
Zara Sale Purchase,Shopping
Online Shopping Myntra,Shopping
Online Purchase Amazon,Shopping
Foot Locker Shoe Purchase,Shopping
Zara Kids Clothes,Shopping
Westin,Travel
American Airlines,Travel
Hotels.com,Travel
Hotels.com,Travel
Careem,Travel
Booking.com,Travel
United Airlines,Travel
Booking.com,Travel
UBER RIDE PARIS,Travel
LONDON UNDERGROUND,Travel
Uber Ride Airport,Travel
OLA TRIP 450.00,Travel
UPI  MAKEMYTRIP BOOKING 450.00,Travel
MAKEMYTRIP BOOKING,Travel
OLA TRIP UPI,Travel
GOIBIBO HOTEL,Travel
MAKEMYTRIP BOOKING REF,Travel
UBER RIDE,Travel
OLA TRIP,Travel
Bus Ticket Sleeper,Travel
Rental Car Booking,Travel
Metro Ride Fare,Travel
Flight Seat Upgrade,Travel
IRCTC TICKET 450.00,Travel
UBER RIDE - BLR,Travel
MAKEMYTRIP BOOKING TXN ID,Travel
@OKICICI  GOIBIBO HOTEL 1299.00 INR,Travel
IRCTC TICKET,Travel
99.00 Rs REDBUS PAYMENT*ORDER #,Travel
*ONLINE IRCTC TICKET,Travel
REDBUS PAYMENT - BLR,Travel
OLA TRIP*ORDER #,Travel
*ORDER # GOIBIBO HOTEL,Travel
REF  MAKEMYTRIP BOOKING - MUMBAI,Travel
UPI  GOIBIBO HOTEL UPI,Travel
- MUMBAI MAKEMYTRIP BOOKING,Travel
OLA TRIP*ORDER #,Travel
UPI  GOIBIBO HOTEL*ORDER #,Travel
450.00 MAKEMYTRIP BOOKING,Travel
#88324 REDBUS PAYMENT UPI@YBL,Travel
#88324 OLA TRIP 1299.00 INR,Travel
OLA TRIP REF,Travel
- BLR MAKEMYTRIP BOOKING,Travel
- BLR REDBUS PAYMENT TXN ID,Travel
IRCTC TICKET,Travel
- BLR GOIBIBO HOTEL UPI@YBL,Travel
#88324 GOIBIBO HOTEL PAYMENT,Travel
@OKICICI  GOIBIBO HOTEL 450.00,Travel
OLA TRIP @OKICICI,Travel
- MUMBAI IRCTC TICKET *ONLINE,Travel
GOIBIBO HOTEL TXN ID,Travel
Indigo Airlines Ticket Purchase PNR: FJK34T,Travel
Uber Ride fare payment to Driver UPI ID: driver@ybl,Travel
Hotel Stay Booking via MakeMyTrip ID MMT-984321,Travel
Ola Outstation Ride Payment,Travel
Railway Ticket Booking IRCTC PNR: ABCD12,Travel
IRCTC Tatkal Booking PNR: QWERTY,Travel
Mumbai Local Train Pass Renewal,Travel
Oyo Rooms Booking Delhi Ref OYO345,Travel
Airport Cab Fare Payment GPay,Travel
Bus Ticket from RedBus Booking ID 9876,Travel
Road Toll Payment NH48 via FASTag,Travel
Domestic Flight Ticket Vistara,Travel
Zoomcar Rental Payment,Travel
BANK MONTHLY MAINTENANCE FEE,Bills
Publix Grocery Store,Groceries
Uber Ride Downtown,Travel
WHOLE FOODS MARKET 0457,Groceries
BOL.COM ONLINE ORDER 7493,Shopping
NETFLIX.COM 123456,Entertainment
TIM HORTONS PURCHASE,Dining
Le Pain Quotidien Paris,Dining
SPOTIFY USA 123456,Entertainment
WALMART SUPERCENTER #1288,Groceries
Apple Music Subscription,Entertainment
Uber Eats Order #9394,Dining
WHOLE FOODS MKT #102,Groceries
APPLE.COM/BILL 3322,Bills
YouTube Premium Subscription,Entertainment
APPLE.COM BILLING,Entertainment
Barnes & Noble Bookstore,Shopping
Amazon.com Order #112-998,Shopping
NETFLIX.COM SUBSCRIPTION,Entertainment
AMAZON MKTPLACE PMTS 1234,Shopping
Lufthansa Ticket Purchase,Travel
TARGET STORE 3321,Groceries
WHOLE FOODS MARKET 0456,Groceries
PRET A MANGER,Dining
Walmart Grocery Pickup,Groceries
DEUTSCHE BAHN TICKET,Travel
SPOTIFY NOV 2023,Entertainment
Netflix Monthly Subscription,Entertainment
Paris Metro Ticket,Travel
UBER EATS ORDER,Dining
UBER TRIP 4321,Travel
Whole Foods Purchase,Groceries
MediaMarkt Electronics,Shopping
Uber Eats Food Delivery,Dining
Uber Trip #3934,Travel
COSTCO GAS STATION 8811,Travel
Hulu Subscription,Entertainment
Uber Ride,Travel
SPOTIFY PREMIUM 2023,Entertainment
TARGET 1234,Shopping
UBER TRIP 0911,Travel
AMAZON MKTPLACE PMT 10/03,Shopping
Car Payment - Ally Bank,Travel
APPLE.COM/BILL 1122,Entertainment
COSTCO WHOLESALE #122,Groceries
Trader Joe's Groceries,Groceries
NORDSTROM ONLINE SHOP,Shopping
Netflix Subscription,Entertainment
Spotify Subscription,Entertainment
AppleCare Service Fee,Shopping
SPOTIFY SUBSCRIPTION 4321,Entertainment
AMAZON EU SARL 2023,Shopping
AMC Theaters Movie,Entertainment
MediaMarkt Electronics,Shopping
TRADER JOE'S #123,Groceries
UBER TRIP 0912,Travel
Spotify Subscription,Entertainment
Starbucks Coffee,Dining
Spotify monthly charge,Entertainment
UBER RIDE 11/18,Travel
Shell Gas Station,Travel
Pandora Music Subscription,Entertainment
HULU MONTHLY SUBSCRIPTION,Entertainment
LIDL SUPERMARKT,Groceries
Kroger Grocery,Groceries
Uber Eats Order,Dining
Target Superstore Bill,Groceries
UBER RIDE PARIS,Travel
Apple.com Subscription,Entertainment
LONDON UNDERGROUND,Travel
SPOTIFY SEP 2023,Entertainment
SPOTIFY USA 889911,Entertainment
UBER EATS ORDER 2384,Dining
Apple App Store Purchase,Entertainment
APPLE.COM/BILL 9876,Entertainment
Uber Ride Airport,Travel
NS DUTCH RAILWAYS 8482,Travel
TRADER JOE'S #558,Groceries
SAFEWAY #3421,Groceries
Amazon Prime Membership,Entertainment
Uber Ride,Travel
Lyft Ride,Travel
Netflix Monthly Subscription,Entertainment
Best Buy Electronics,Shopping
Indigo Parking Payment,Travel
LUFTHANSA AIR TICKET 001,Travel
Amazon Online Shopping,Shopping
DELTA AIRLINES TICKET,Travel
UBER TRIP 09OCT2023,Travel
Spotify Family Subscription,Entertainment
Walmart Supercenter Purchase,Groceries
KROGER #5547,Groceries
Amazon.com Electronics,Shopping
Target In-Store Shopping,Shopping
Starbucks Coffee,Dining
Berlin S-Bahn Ticket,Travel
STARBUCKS 11/15,Dining
DEEZER PREMIUM OCT,Entertainment
Starbucks Amsterdam,Dining
Hulu Monthly Subscription,Entertainment
- BLR CROMA STORE*ORDER #,Shopping
TXN ID  NATURES BASKET,Groceries
HOTSTAR PLAN 1299.00 INR,Entertainment
- MUMBAI AIRTEL POSTPAID @OKICICI,Bills
450.00 ACT BROADBAND,Bills
#88324 SPENCERS RETAIL,Groceries
BSNL PAYMENT,Bills
TXN ID  DMART PAYMENT @OKICICI,Groceries
NATURES BASKET,Groceries
IRCTC TICKET 450.00,Travel
@OKICICI  SWIGGY PAYMENT *ONLINE,Dining
*ORDER # DOMINOS PIZZA,Dining
UBER RIDE - BLR,Travel
SHELL GAS STATION,Fuel
UPI@YBL HPCL PETROL PUMP,Fuel
UPI  INDIANOIL PUMP *ONLINE,Fuel
MAKEMYTRIP BOOKING TXN ID,Travel
MYNTRA ONLINE,Shopping
*ORDER # FRESHTOHOME *ONLINE,Groceries
@OKICICI  GOIBIBO HOTEL 1299.00 INR,Travel
#88324 BIGBASKET ORDER 450.00,Groceries
AMAZON PAY UPI,Shopping
*ONLINE MYNTRA ONLINE - MUMBAI,Shopping
ESSAR PETRO*ORDER #,Fuel
ACT BROADBAND TXN ID,Bills
@OKICICI  AIRTEL POSTPAID PAYMENT,Bills
IRCTC TICKET,Travel
UPI@YBL AIRTEL POSTPAID,Bills
@OKICICI  GAANA PREMIUM,Entertainment
FRESHTOHOME UPI@YBL,Groceries
99.00 Rs REDBUS PAYMENT*ORDER #,Travel
UPI  MYNTRA ONLINE 99.00 Rs,Shopping
UPI  JIOMART PURCHASE,Groceries
450.00 BPCL FUEL*ORDER #,Fuel
UPI@YBL SPENCERS RETAIL,Groceries
FLIPKART ORDER 450.00,Shopping
RELIANCE FUEL,Fuel
HOTSTAR PLAN,Entertainment
BESCOM ELECTRICITY *ONLINE,Bills
SPOTIFY PREMIUM REF,Entertainment
450.00 GAANA PREMIUM,Entertainment
CROMA STORE,Shopping
99.00 Rs SPOTIFY PREMIUM,Entertainment
BOOKMYSHOW MOVIE UPI,Entertainment
FLIPKART ORDER - MUMBAI,Shopping
PAYMENT DMART PAYMENT UPI,Groceries
NATURES BASKET - BLR,Groceries
AMAZON PAY,Shopping
*ONLINE IRCTC TICKET,Travel
HOTSTAR PLAN TXN ID,Entertainment
REDBUS PAYMENT - BLR,Travel
ZOMATO ORDER @OKICICI,Dining
ACT BROADBAND 1299.00 INR,Bills
99.00 Rs ZOMATO ORDER 1299.00 INR,Dining
- BLR JIOMART PURCHASE 99.00 Rs,Groceries
REF  BESCOM ELECTRICITY UPI,Bills
JIO RECHARGE 1299.00 INR,Bills
#88324 NYKAA PAYMENT PAYMENT,Shopping
OLA TRIP*ORDER #,Travel
*ORDER # GOIBIBO HOTEL,Travel
NYKAA PAYMENT,Shopping
*ORDER # HPCL PETROL PUMP @OKICICI,Fuel
REF  MAKEMYTRIP BOOKING - MUMBAI,Travel
PAYMENT MCDONALDS BILL,Dining
TXN ID  SPOTIFY PREMIUM*ORDER #,Entertainment
RELIANCE FUEL#88324,Fuel
@OKICICI  AMAZON PRIME VIDEO REF,Entertainment
450.00 FRESHTOHOME,Groceries
UPI@YBL FRESHTOHOME PAYMENT,Groceries
- MUMBAI RELIANCE FUEL,Fuel
BESCOM ELECTRICITY - BLR,Bills
BIGBASKET ORDER 1299.00 INR,Groceries
*ONLINE AJIO PURCHASE,Shopping
GAANA PREMIUM,Entertainment
ACT BROADBAND,Bills
@OKICICI  DOMINOS PIZZA *ONLINE,Dining
UPI@YBL SPOTIFY PREMIUM UPI,Entertainment
- MUMBAI BOOKMYSHOW MOVIE#88324,Entertainment
- BLR BIGBASKET ORDER,Groceries
ZOMATO ORDER REF,Dining
UPI  SPENCERS RETAIL,Groceries
FRESHTOHOME 450.00,Groceries
AJIO PURCHASE - MUMBAI,Shopping
HPCL PETROL PUMP *ONLINE,Fuel
AMAZON PAY 450.00,Shopping
BESCOM ELECTRICITY 99.00 Rs,Bills
@OKICICI  HPCL PETROL PUMP UPI,Fuel
BESCOM ELECTRICITY @OKICICI,Bills
@OKICICI  BESCOM ELECTRICITY#88324,Bills
AMAZON PAY REF,Shopping
- MUMBAI SPOTIFY PREMIUM,Entertainment
UPI  GOIBIBO HOTEL UPI,Travel
NYKAA PAYMENT,Shopping
FRESHTOHOME 450.00,Groceries
BOOKMYSHOW MOVIE @OKICICI,Entertainment
BPCL FUEL - MUMBAI,Fuel
@OKICICI  DOMINOS PIZZA REF,Dining
450.00 RELIANCE FUEL TXN ID,Fuel
BIGBASKET ORDER 450.00,Groceries
RELIANCE FUEL - MUMBAI,Fuel
PAYMENT HOTSTAR PLAN,Entertainment
- MUMBAI MAKEMYTRIP BOOKING,Travel
REF  BOOKMYSHOW MOVIE*ORDER #,Entertainment
PAYMENT BSNL PAYMENT UPI,Bills
ACT BROADBAND,Bills
*ORDER # ZOMATO ORDER 99.00 Rs,Dining
SHELL GAS STATION UPI@YBL,Fuel
- BLR HPCL PETROL PUMP,Fuel
99.00 Rs NYKAA PAYMENT#88324,Shopping
UPI  SWIGGY PAYMENT#88324,Dining
PAYMENT JIOMART PURCHASE - BLR,Groceries
#88324 MCDONALDS BILL - BLR,Dining
*ORDER # HOTSTAR PLAN,Entertainment
PAYMENT AIRTEL POSTPAID,Bills
FRESHTOHOME UPI@YBL,Groceries
450.00 SWIGGY PAYMENT 450.00,Dining
STARBUCKS COFFEE 450.00,Dining
OLA TRIP*ORDER #,Travel
MCDONALDS BILL,Dining
UPI  GOIBIBO HOTEL*ORDER #,Travel
*ONLINE NATURES BASKET *ONLINE,Groceries
*ONLINE FRESHTOHOME 450.00,Groceries
UPI  AIRTEL POSTPAID*ORDER #,Bills
STARBUCKS COFFEE UPI@YBL,Dining
REF  RELIANCE FUEL - BLR,Fuel
450.00 MAKEMYTRIP BOOKING,Travel
AJIO PURCHASE UPI@YBL,Shopping
#88324 GAANA PREMIUM*ORDER #,Entertainment
STARBUCKS COFFEE REF,Dining
KFC ONLINE,Dining
NETFLIX SUBSCRIPTION,Entertainment
INDIANOIL PUMP*ORDER #,Fuel
99.00 Rs SPOTIFY PREMIUM,Entertainment
#88324 REDBUS PAYMENT UPI@YBL,Travel
#88324 OLA TRIP 1299.00 INR,Travel
- BLR FLIPKART ORDER 450.00,Shopping
JIOMART PURCHASE#88324,Groceries
FLIPKART ORDER PAYMENT,Shopping
OLA TRIP REF,Travel
*ORDER # DOMINOS PIZZA UPI@YBL,Dining
- BLR MAKEMYTRIP BOOKING,Travel
PAYMENT TATA PLAY DTH @OKICICI,Bills
99.00 Rs SWIGGY PAYMENT UPI,Dining
BOOKMYSHOW MOVIE 1299.00 INR,Entertainment
JIO RECHARGE,Bills
TXN ID  SPOTIFY PREMIUM*ORDER #,Entertainment
ZOMATO ORDER UPI@YBL,Dining
NATURES BASKET TXN ID,Groceries
#88324 NETFLIX SUBSCRIPTION REF,Entertainment
- MUMBAI ACT BROADBAND 450.00,Bills
1299.00 INR BSNL PAYMENT - BLR,Bills
ZOMATO ORDER,Dining
BOOKMYSHOW MOVIE 99.00 Rs,Entertainment
99.00 Rs INDIANOIL PUMP REF,Fuel
KFC ONLINE REF,Dining
STARBUCKS COFFEE,Dining
UPI Pmt to Zomato Order #847293 @875389XXX4,Dining
Payment for bill at "The Coffee Bean & Tea Leaf" Store 45,Dining
Debit Card TXN at PIZZA HUT DLF Phase 3 Ref:982374,Dining
SWIGGY Instamart GrOCERY delivery #IN12345,Groceries
POS Purchase 15-Oct-25 M/S RELIANCE FRESH,Groceries
ATM Wdl Chgs 15-Nov-25 at STAR BAZAR A/C #00123,Groceries
AMZN Order 402-9843210-983472 for Electronics,Shopping
DEBIT CARD PURCHASE 01/11/25 PAYTM MALL,Shopping
Online txn to "Shoppers Stop" Invoice 45A-2025,Shopping
Fuel Surcharge Waived IOCL Pump B'lore,Fuel
HPCL Petrol Station payment Rs. 1500.00 Ref 7462,Fuel
Txn at SHELL PETROL PUMP Vashi Mumbai 10:45:00,Fuel
NETFLIX Monthly Subscription Fee Oct 2025,Entertainment
BookMyShow Ticket Booking Ref: BM20250111,Entertainment
PVR Cinemas Food & Beverage payment via GPay,Entertainment
EB Bill Payment - BESCOM A/C 9876543210,Bills
MobiKwik payment for TATA SKY DTH,Bills
EMI DEBIT HDFC Loan Acc #L4593845,Bills
Indigo Airlines Ticket Purchase PNR: FJK34T,Travel
Uber Ride fare payment to Driver UPI ID: driver@ybl,Travel
Hotel Stay Booking via MakeMyTrip ID MMT-984321,Travel
Zomato Delivery Fee 10-Oct Ref:ZOM875,Dining
McDonald's POS purchase Txn ID: 782947,Dining
Grocery Mart Supermarket 4567 txn-3928,Groceries
Payment to BigBasket Order BB12987,Groceries
Amazon Prime Renewal Fee,Shopping
Myntra E-commerce Order 789012,Shopping
Paytm Wallet Add: HP Petroleum,Fuel
Bharat Petroleum Payment Ref 554433,Fuel
BSNL Landline Bill Payment,Bills
Vodafone Postpaid Bill - Oct 2025,Bills
Spotify Premium Subscription Payment,Entertainment
Cinepolis Ticket Purchase via Credit Card,Entertainment
Ola Outstation Ride Payment,Travel
Railway Ticket Booking IRCTC PNR: ABCD12,Travel
Cafe Coffee Day Vouchers 500.00,Dining
Restaurant Bill Pay Gpay *9872,Dining
Dineout payment at The Yellow Chili ref 98327,Dining
CREDIT CARD TXN - Barbeque Nation PUNE,Dining
Debit POS 12/11/25 SUBWAY STORE 201,Dining
UPI to @paytm.merch.123 for dinner,Dining
Card swipe at Big Bazaar for household goods,Groceries
Grofers Order ID #GRF65432-1 txn ID 87654,Groceries
Fresh vegetables purchase from local vendor UPI,Groceries
Wholesale purchase at METRO CASH & CARRY,Groceries
Txn for milk/bread at Mother Dairy Booth 10:00,Groceries
Shoppers Stop Online Order 100983-A,Shopping
Flipkart purchase of T-shirt & Jeans,Shopping
Lifestyle Stores card purchase bill 4532,Shopping
Sale on Amazon: Laptop Bag 12-Nov,Shopping
IOCL PETROL PUMP payment via QR Code,Fuel
BPCL filling station 20 Litres Txn Ref: 445566,Fuel
Diesel top-up Indian Oil Tanker 786,Fuel
Cash Deposit at ATM HPCL Outpost,Fuel
Card Swipe at Essar Petrol Pump GGN,Fuel
FASTag Recharge via ICICI App Txn 998877,Fuel
Airtel Broadband Monthly Fee,Bills
Prepaid Mobile Recharge Jio #9876543210,Bills
Electricity bill payment MSEB Nov 2025,Bills
Housie Rent Payment Oct via NEFT,Bills
Water Supply Bill BMC Payment Ref: 8765,Bills
CREDIT CARD PAYMENT HDFC BANK,Bills
Amazon Prime Video Rental - Movie Title,Entertainment
Hotstar VIP Subscription Renewal,Entertainment
Ticketmaster Concert Ticket Purchase,Entertainment
Game Purchase PSN Store Ref 1098374,Entertainment
Laser Tag Activity Fee,Entertainment
Bowling Alley Fees via Debit Card,Entertainment
IRCTC Tatkal Booking PNR: QWERTY,Travel
Mumbai Local Train Pass Renewal,Travel
Oyo Rooms Booking Delhi Ref OYO345,Travel
Airport Cab Fare Payment GPay,Travel
Bus Ticket from RedBus Booking ID 9876,Travel
Road Toll Payment NH48 via FASTag,Travel
Swiggy Food Order: Biryani & Coke,Dining
KFC A la carte order 2-Nov-25,Dining
POS Swipe at local Juice Center,Dining
UPI payment to local Kirana Store Groceries,Groceries
Sabzi Mandi payment for veggies,Groceries
HyperCity purchase of toiletries,Groceries
Purchase at Decathlon Sports Store,Shopping
H&M Online Clothes Shopping,Shopping
Credit Card Swipe at Reliance Trends,Shopping
Fuel purchase at JIO-BP Pump,Fuel
Cash Withdrawal IOCL Petrol Station,Fuel
Gail Gas Bill Payment,Bills
Municipal Tax Payment Online,Bills
Zee5 Subscription Charge,Entertainment
Inox Multiplex ticket purchase,Entertainment
Domestic Flight Ticket Vistara,Travel
Zoomcar Rental Payment,Travel
Debit Card POS: Keventers Milkshake,Dining
UPI ID: @pizzamart for Lunch Order #675,Dining
Starbucks Coffee purchase via Paytm,Dining
Txn 18/11/25 Tandoor Express Ref 34983,Dining
Payment at Aaswad Restaurant Mumbai,Dining
Domino's Pizza order via website 12:30pm,Dining
Food Court Payment Select Citywalk Mall,Dining
Local Bakery Purchase - Sweets & Bread,Groceries
Farmers Market Purchase UPI Txn ID 19876,Groceries
Godrej Nature's Basket Invoice 567-G,Groceries
Canned Goods Purchase from Grocer,Groceries
Amazon Pantry Order #401-2345678,Groceries
Subscription Box Fee - Organic Veggies,Groceries
BigBasket delivery charge & payment,Groceries
Zara Home Decor Purchase,Shopping
Shein Online Fashion Order 900876,Shopping
Txn @ WESTSIDE Store Billing Ref: 55432,Shopping
Electronics purchase from Croma Store,Shopping
Book Purchase on Amazon,Shopping
Mobile Accessory purchase from Flipkart,Shopping
Jewellery Purchase - Tanishq Showroom,Shopping
Service Charge at Indian Oil Pump,Fuel
HPCL Payment 45.5 Litres Ref 112233,Fuel
Petrol Pump UPI payment @petro.merch,Fuel
Speed Car Wash & Fuel Combo Txn,Fuel
Toll Fee Payment - Delhi-Jaipur Highway,Fuel
Natural Gas Bill Payment Adani Gas,Bills
Internet Bill ACT Fibernet Monthly,Bills
LIC Premium Payment - Policy 12345,Bills
Bank Overdraft Interest Charge,Bills
Loan Repayment E-Mandate,Bills
Mobile Recharge BSNL 199 Plan,Bills
DTH Subscription DISH TV,Bills
Hotstar Cricket Match Viewing Fee,Entertainment
Gaming Credit Purchase Steam Wallet,Entertainment
Event Ticket Booking Insider.in,Entertainment
Museum Entry Fee Payment,Entertainment
Netflix Gift Card Redemption,Entertainment
Zoo Ticket Purchase for Family,Entertainment
Intercity Bus Ticket Booking AbhiBus,Travel
Train Reservation Cancellation Fee,Travel
AirBnB Stay Booking Paris,Travel
Metro Card Recharge Delhi Metro,Travel
Car Maintenance Fee @ServiceCenter,Travel
Trek Gear Purchase Decathlon,Travel
Airport Lounge Access Fee,Travel
Dinner at Local Dhaba via PhonePe,Dining
Burger King Order #BK987,Dining
Txn for Pastries @GermanBakery,Dining
Cafe Bill Split UPI @friendname,Dining
Ice Cream Parlour Visit POS,Dining
Meat Purchase from Butcher Shop,Groceries
Online purchase of Detergent & Soap,Groceries
HOTSTAR PLAN#88324,Entertainment
ZOMATO ORDER,Dining
NATURES BASKET,Groceries
TXN ID  STARBUCKS COFFEE PAYMENT,Dining
*ORDER # ACT BROADBAND,Bills
TXN ID  AMAZON PRIME VIDEO - MUMBAI,Entertainment
BESCOM ELECTRICITY#88324,Bills
NYKAA PAYMENT 450.00,Shopping
SPOTIFY PREMIUM*ORDER #,Entertainment
JIOMART PURCHASE,Groceries
FLIPKART ORDER,Shopping
BOOKMYSHOW MOVIE*ORDER #,Entertainment
99.00 Rs STARBUCKS COFFEE,Dining
MAKEMYTRIP BOOKING - MUMBAI,Travel
TATA PLAY DTH,Bills
PAYMENT JIO RECHARGE TXN ID,Bills
ACT BROADBAND,Bills
FLIPKART ORDER *ONLINE,Shopping
INDIANOIL PUMP - BLR,Fuel
PAYMENT REDBUS PAYMENT 450.00,Travel
ZOMATO ORDER 450.00,Dining
@OKICICI  DOMINOS PIZZA - BLR,Dining
99.00 Rs JIO RECHARGE 1299.00 INR,Bills
AJIO PURCHASE,Shopping
PAYMENT IRCTC TICKET - MUMBAI,Travel
RELIANCE FUEL#88324,Fuel
DMART PAYMENT REF,Groceries
SPENCERS RETAIL @OKICICI,Groceries
MCDONALDS BILL,Dining
UPI@YBL DOMINOS PIZZA UPI@YBL,Dining
AMAZON PRIME VIDEO UPI@YBL,Entertainment
SHELL GAS STATION TXN ID,Fuel
450.00 DMART PAYMENT - BLR,Groceries
REDBUS PAYMENT,Travel
- MUMBAI ZOMATO ORDER PAYMENT,Dining
KFC ONLINE UPI@YBL,Dining
BESCOM ELECTRICITY @OKICICI,Bills
HPCL PETROL PUMP UPI@YBL,Fuel
CROMA STORE#88324,Shopping
STARBUCKS COFFEE,Dining
*ONLINE BIGBASKET ORDER,Groceries
450.00 HPCL PETROL PUMP UPI,Fuel
#88324 HPCL PETROL PUMP UPI,Fuel
OLA TRIP 450.00,Travel
REF  SHELL GAS STATION - BLR,Fuel
BIGBASKET ORDER,Groceries
UPI  MAKEMYTRIP BOOKING 450.00,Travel
- MUMBAI NYKAA PAYMENT 450.00,Shopping
GAANA PREMIUM @OKICICI,Entertainment
JIOMART PURCHASE TXN ID,Groceries
*ONLINE GAANA PREMIUM TXN ID,Entertainment
INDIANOIL PUMP,Fuel
99.00 Rs GAANA PREMIUM,Entertainment
ACT BROADBAND,Bills
#88324 NATURES BASKET *ONLINE,Groceries
- BLR AMAZON PRIME VIDEO @OKICICI,Entertainment
MAKEMYTRIP BOOKING,Travel
UPI@YBL CROMA STORE,Shopping
TXN ID  AJIO PURCHASE UPI,Shopping
PAYMENT STARBUCKS COFFEE,Dining
UPI  MYNTRA ONLINE,Shopping
Bus Ticket Sleeper,Travel
UPI Pmt to Zomato Order #847293 @875389XXX4,Dining
Payment for bill at "The Coffee Bean & Tea Leaf" Store 45,Dining
Debit Card TXN at PIZZA HUT DLF Phase 3 Ref:982374,Dining
SWIGGY Instamart GrOCERY delivery #IN12345,Groceries
POS Purchase 15-Oct-25 M/S RELIANCE FRESH,Groceries
ATM Wdl Chgs 15-Nov-25 at STAR BAZAR A/C #00123,Groceries
AMZN Order 402-9843210-983472 for Electronics,Shopping
DEBIT CARD PURCHASE 01/11/25 PAYTM MALL,Shopping
Online txn to "Shoppers Stop" Invoice 45A-2025,Shopping
Fuel Surcharge Waived IOCL Pump B'lore,Fuel
HPCL Petrol Station payment Rs. 1500.00 Ref 7462,Fuel
Txn at SHELL PETROL PUMP Vashi Mumbai 10:45:00,Fuel
NETFLIX Monthly Subscription Fee Oct 2025,Entertainment
BookMyShow Ticket Booking Ref: BM20250111,Entertainment
PVR Cinemas Food & Beverage payment via GPay,Entertainment
EB Bill Payment - BESCOM A/C 9876543210,Bills
Rental Car Booking,Travel
Swiggy Instamart Order,Groceries
Myntra Fashion Haul,Shopping
BPCL Refuel UPI,Fuel
House Tax Payment,Bills
Hulu Subscription,Entertainment
Metro Ride Fare,Travel
Local Diner Bill,Dining
Fish Market Purchase,Groceries
Online Groceries DMart,Groceries
Clothes from Max Fashion,Shopping
Book Store Purchase,Shopping
IOCL Fuel Additive,Fuel
Phone Bill Jio,Bills
Internet Service Charge,Bills
Music Festival Ticket,Entertainment
Flight Seat Upgrade,Travel
Cafe Meeting Bill,Dining
Bakery Items Purchase,Groceries
Amazon Kindle Books,Shopping
Shell Fuel Loyalty Pts,Fuel
Sporting Event Ticket,Entertainment



